,Question,Answer
6,How often should I check engine oil level?,You should check the engine oil level at regular intervals such as every fuel stop.
9,Should I use soapy water to remove dirt from the car?,Yes you should use mild (neutral Ph) soap and water to clean the body of the vehicle and the wheels. This will help maintain their luster and prevent corrosion. However it is important to avoid using harsh chemicals or a stiff brush as they can damage the wheel's protective coating and cause them to corrode and tarnish. Additionally it is recommended to avoid products or automatic car washes that use acidic solutions or strong alkaline additives or harsh brushes as they may damage the wheel's protective finish.
11,What can the Hazard Warning Flashers Button do?,The Hazard Warning Flashers button can activate an emergency warning system in your vehicle by making all directional turn signals flash on and off to warn oncoming traffic of an emergency. Pushing the button a second time will turn off the Hazard Warning Flashers.
12,Are there any guidelines for towing a trailer?,Yes there are guidelines for towing a trailer. Here are the guidelines mentioned in the context: 1. Make sure that the load is secured in the trailer and that it will not shift during travel. 2. Do not overload your vehicle or trailer. 3. Always use safety chains between your vehicle and trailer. 4. Do not park your vehicle with a trailer on a grade. 5. GCWR must not be exceeded. 6. Total weight must be distributed between the tow vehicle and the trailer such that the following four ratings are not exceeded: GVWR GTW GAWR and tongue weight rating for the trailer hitch utilized. 7. Do not tow a trailer at all during the first 500 miles (805 km) the new vehicle is driven. 8. During the first 500 miles (805 km) that a trailer is towed do not drive over 50 mph (80 km/h) and do not make starts at full throttle.
13,any tips for driving through flooded areas?,Yes here are some tips for driving through flooded areas: 1. Avoid water crossings if possible and only attempt them when necessary and in a safe responsible manner. 2. Only drive through areas which are designated and approved. 3. Know your vehicle's abilities and be able to recover it if something goes wrong. 4. Never stop or shut a vehicle off when crossing deep water unless you ingested water into the engine air intake. 5. Shift into FIRST gear (manual transmission) or DRIVE (automatic transmission) with the transfer case in the 4L position and proceed very slowly with a constant slow speed (3 to 5 mph {5 to 8 km/h} maximum) and light throttle. 6. Keep the vehicle moving; do not try to accelerate through the crossing. 7. After crossing any water higher than the bottom of the axle differentials inspect all of the vehicle fluids for signs of water ingestion. 8. Do not exceed 5 mph (8 km/h) when driving through water. 9. Always check water depth before entering as a precaution and check all fluids afterward. 10. Remember that driving through water may cause damage that may not be covered by the New Vehicle Limited Warranty.
14,how to display the menu setting screen in Uconnect?,To display the menu setting screen in Uconnect you need to press the Apps button then press the Settings button on the touchscreen.
18,What's the ACC position on the Ignition switch for?,The ACC (Accessory) position on the ignition switch allows the driver to use the vehicle's accessories such as the radio or power windows without starting the engine.
20,what does GAWR mean?,GAWR stands for Gross Axle Weight Rating. It is the maximum weight that an axle is designed to support including the weight of the axle itself. This rating is important to ensure that the vehicle is not overloaded and can be safely operated.
21,how to prevent unauthorized or unlawful access to the vehicle systems?,To prevent unauthorized or unlawful access to the vehicle systems you can follow these steps: 1. Install the most recent version of vehicle software (such as Uconnect software). 2. Use the Sentry Key Immobilizer system which prevents unauthorized vehicle operation by disabling the engine. The system does not need to be armed or activated. Operation is automatic regardless of whether the vehicle is locked or unlocked. 3. Only allow authorized service technicians to connect equipment to the OBD II connection port in order to read the VIN diagnose or service your vehicle. If unauthorized equipment is connected to the OBD II connection port such as a driver-behavior tracking device it may impair vehicle systems including safety-related systems or cause a loss of vehicle control that may result in an accident involving serious injury or death. 4. Use a key fob keyless push button ignition and a Radio Frequency (RF) receiver to prevent unauthorized vehicle operation. Only key fobs that are programmed to the vehicle can be used to start and operate the vehicle. The system cannot reprogram a key fob obtained from another vehicle. 5. Use the Vehicle Security system which monitors the vehicle doors for unauthorized entry and the ignition switch for unauthorized operation. When the system is activated
24,Is it possible that water may leak into the vehicle's interior?,Yes it is possible that water may leak into the vehicle's interior if the door frame(s) are not positioned properly or if they are handled and stored carelessly causing damage to the seals. Additionally opening a door or lowering a window while the top is wet may also allow water to drip into the vehicle's interior.
26,any tips to drive safely?,Yes here are some tips to drive safely: 1. Always obey traffic laws and pay attention to the road. 2. Keep your complete attention on driving to maintain safe control of your vehicle. 3. Avoid using your phone or any other electronic device while driving. 4. Wear your seatbelt and make sure all passengers do the same. 5. Keep a safe distance from other vehicles on the road. 6. Use turn signals when changing lanes or turning. 7. Avoid driving under the influence of drugs or alcohol. 8. Be aware of your surroundings and anticipate potential hazards on the road. 9. Regularly maintain your vehicle to ensure it is in good working condition. 10. Take breaks if you feel tired or drowsy while driving.
29,Is there any monitor or security system with which children are allowed to be in the car unattended?,No there is no monitor or security system that allows children to be in the car unattended. It is always dangerous to leave children alone in a vehicle or with access to an unlocked vehicle regardless of any security system or monitor. Children should always be supervised by an adult when in or around a vehicle.
